customer_id,name,email,city,created_at
1,Norma Fisher,tammy76@example.com,Howardborough,2024-04-18 02:43:12.743399
2,Peter Montgomery,vanessa89@example.org,Coreyland,2025-01-31 00:47:38.120196
3,Kaitlyn Garcia,ostewart@example.org,Ramoshaven,2023-10-22 17:37:07.138138
4,Kimberly Smith,ypage@example.net,New Tristanmouth,2023-10-10 14:55:15.298911
5,Seth Lee,johnponce@example.net,Davismouth,2025-01-13 16:24:10.006846
6,Mrs. Elizabeth Carter MD,lisa83@example.net,Seanfurt,2023-12-03 01:06:20.348668
7,Clinton Underwood,salazardiane@example.com,North Erikaberg,2025-01-14 21:54:35.249353
8,Sarah Villanueva,hmassey@example.com,Port Jason,2024-08-23 19:00:38.880004
9,Jennifer Hill,skeller@example.com,West Chloefort,2024-06-17 07:06:15.748449
10,Connor Smith,dave35@example.org,Ronaldton,2023-06-27 22:35:42.910148
11,Michael Williams,johnsoncynthia@example.net,South Christopherville,2023-05-12 00:48:00.846815
12,Tyler Lopez,mendozajessica@example.org,New Ronaldville,2024-12-16 01:26:11.847112
13,Benjamin Turner,gwhite@example.com,New Craigfurt,2023-09-08 01:48:09.099681
14,Nicholas Massey,heidiharris@example.org,Port Fernando,2024-05-06 05:16:49.550413
15,Thomas Wade,ruizrobert@example.net,Deborahfurt,2024-12-17 08:15:58.074024
16,Justin Smith,rogersbrandon@example.com,East Kathleen,2024-04-01 09:57:13.103814
17,Megan Garza,jenniferhughes@example.com,North Brookemouth,2023-08-10 09:14:03.651232
18,Jerome Page,sjohnson@example.net,Bartonton,2023-08-14 11:19:35.761463
19,Michael Griffin,modonnell@example.org,South Markmouth,2023-05-21 20:51:41.159149
20,Valerie Perry,monroedavid@example.org,Herringchester,2023-12-02 09:51:29.897059
21,Mitchell Smith,leecharlene@example.org,Joshuaburgh,2023-06-27 15:06:44.114163
22,Jennifer Miller,robin14@example.org,Darinberg,2023-11-04 19:44:23.077183
23,Andrew Becker,stacey90@example.net,Josephmouth,2024-07-26 01:26:26.689196
24,Joshua Clark,alan24@example.com,Kristineland,2023-12-18 12:56:01.693112
25,Amanda Martin,michael82@example.com,South Jessicaton,2023-11-26 08:23:33.750940
26,Monica Turner,kevin11@example.net,Wellsmouth,2023-07-15 06:23:42.919618
27,Jonathan Johnson,jessica22@example.net,Drakeland,2023-06-02 12:58:28.060970
28,Paul Brown,garciaangela@example.com,Morashire,2024-09-18 07:25:19.349289
29,Bradley Robinson,brenda26@example.org,Dannytown,2025-02-03 01:56:34.006084
30,Michael Wilson,pscott@example.org,New Dustin,2023-09-07 01:30:29.800933
31,Joshua Hernandez,zhernandez@example.net,Richfort,2024-08-23 16:16:33.786295
32,Sandra Bolton,amyvelazquez@example.org,Janicemouth,2024-12-03 01:39:04.526741
33,Charles Scott,meganaguilar@example.net,Jonesland,2024-04-26 18:18:35.891453
34,Andrea Anderson,alexis75@example.org,Port Diana,2025-03-22 23:47:32.899726
35,Stephanie Shaw,gregorylinda@example.net,Lake Ronaldborough,2023-11-13 01:02:42.486568
36,Jennifer Kaufman,olawson@example.org,Lake Hunterhaven,2024-06-05 00:26:00.371402
37,Johnny Green,kendra66@example.org,Lake Selena,2023-10-06 23:58:44.432640
38,Felicia Mcmahon,fbutler@example.net,Lake Hollystad,2024-02-09 18:42:18.266464
39,Jasmine Williams,bosborne@example.org,Lake Mario,2024-09-07 20:15:12.977664
40,Chloe Logan,drodriguez@example.net,Mendezmouth,2024-08-02 14:33:30.718041
41,Michelle Phillips,susanhughes@example.com,New Michelleborough,2023-05-13 08:13:23.704018
42,Jacob Lee,kristine10@example.org,Scotttown,2025-03-05 14:16:44.313728
43,Laura Robinson,franknicole@example.net,Hunterville,2023-07-30 20:58:01.366635
44,Jennifer Miller,perrycory@example.org,Port Seanchester,2023-05-07 11:05:29.168656
45,Tonya Sharp,gomezdavid@example.net,West Michaeltown,2024-12-11 22:41:18.664501
46,Jacob Carlson,jaredharris@example.net,Lake Adrianstad,2024-08-31 02:11:16.167353
47,Crystal Thomas,wrodriguez@example.net,Davidborough,2024-01-05 01:24:28.889048
48,Edward Giles,jack11@example.net,Ericberg,2025-03-06 05:58:19.682663
49,Emily Sanchez,kellybarnes@example.org,New Andrew,2023-06-11 08:52:05.431232
50,Jason Pierce,brittanyevans@example.com,East Seanstad,2024-07-23 19:09:03.930155
51,Jamie Smith,scott54@example.com,East Lauraview,2023-07-06 09:06:20.637633
52,Brittany Park,alopez@example.com,East Susan,2023-12-20 02:18:35.365267
53,Heather Welch,webbjames@example.org,Montgomerytown,2023-09-22 05:32:06.837836
54,William Turner,rogerpotter@example.org,Wolfbury,2024-05-16 15:23:44.150339
55,Mark Smith,nicole00@example.com,Foxshire,2024-09-15 01:33:11.343951
56,Paul Gomez,caitlinjohnson@example.com,Amandaville,2024-05-06 17:44:56.773642
57,Thomas Martin,scallahan@example.net,New Alexandra,2023-09-16 01:17:29.353723
58,Tyler Stephens,kelly59@example.net,East David,2023-07-12 11:39:13.125923
59,John Castro,michael76@example.org,Burnshaven,2023-12-03 22:01:35.489766
60,Amy Evans,nwilliams@example.org,West Thomastown,2024-12-23 14:24:00.333528
61,Melissa Miller,csmith@example.org,West Morganport,2024-09-27 13:57:35.609583
62,Paul Roberts,hamiltonjennifer@example.com,West Robert,2025-01-29 20:05:21.737982
63,Jermaine Fletcher,david27@example.com,Simmonsfort,2024-01-24 23:57:28.684667
64,Craig Bentley,bullockarthur@example.net,Port Jacobton,2024-10-09 07:33:58.080833
65,Crystal Evans,bushwilliam@example.com,Robertton,2024-07-20 00:35:57.821902
66,Tina Blevins,fcarpenter@example.com,Lewisview,2023-05-16 07:14:17.685282
67,Gregory Roberts,taylorkristin@example.net,New Randy,2025-02-16 12:11:35.730619
68,Gerald Garcia,nortonmarcus@example.com,Jonathanhaven,2023-05-17 20:21:34.869906
69,Daniel Warren,maryking@example.net,Larryfurt,2023-10-18 11:00:15.419736
70,Micheal Williams,smithtyler@example.com,Port Robertfort,2024-03-16 20:15:43.566660
71,Brad Garcia,robertcalhoun@example.com,Port Ronaldfurt,2023-05-14 04:41:14.565913
72,John Anderson,sarah56@example.org,Chelseaborough,2024-09-15 20:53:39.961519
73,Kayla Murray,joseph01@example.net,East Jessicabury,2023-09-21 17:47:53.663770
74,Yolanda Smith,htrevino@example.com,Davidshire,2024-01-02 14:56:12.301628
75,Michele Guerrero,jodivalenzuela@example.org,Emilybury,2024-01-13 01:30:06.327761
76,Mr. Chad Smith,michael02@example.com,East William,2023-06-10 07:11:09.557716
77,Rachael Hampton,joeanderson@example.org,Gomezshire,2023-07-21 06:25:57.702282
78,Dr. Luis Johnson MD,abryant@example.org,Lake Natasha,2024-11-26 13:56:25.947026
79,Kimberly Padilla,greencassandra@example.net,Port Leslie,2023-11-14 13:13:48.908182
80,Christine Edwards,matthewalexander@example.net,West Max,2023-08-12 00:43:21.872095
81,Kenneth Brown,michaelhenry@example.org,East Bradybury,2025-03-06 03:26:55.519048
82,Roberto Cooper,ntaylor@example.com,Thomasport,2023-08-22 16:44:28.999348
83,William Burgess,qsmith@example.net,Maloneshire,2025-02-16 14:13:30.143273
84,James Smith,christystanley@example.net,North Mark,2024-12-19 03:39:48.037229
85,Danielle Johnson,juliamassey@example.net,Lake Christian,2025-02-21 01:53:49.321216
86,Lisa Ellis,christinawilliams@example.com,Johnsonton,2024-04-12 00:28:25.444123
87,Michael Ellis,francis65@example.com,Blackburntown,2023-11-28 10:57:40.476648
88,Krista Madden,sarah07@example.com,South Michaelton,2023-04-30 13:24:37.377542
89,Amanda Becker,wanda38@example.net,Paulview,2023-09-15 02:20:58.548645
90,Erin Schmitt,brendacortez@example.net,Franciscoberg,2023-12-12 23:44:16.739400
91,Alexa Velasquez,stephaniecox@example.net,Marcusfurt,2024-06-27 06:01:44.767780
92,Mrs. Brenda Williams,matthewsmith@example.net,Browningview,2024-10-12 07:46:51.478123
93,Joshua Coleman,alyssabrown@example.net,New Daniel,2024-04-17 13:19:55.604838
94,Lisa Fischer,larry06@example.net,Sophiaside,2024-05-04 14:33:13.896316
95,Gordon Thornton,amoody@example.net,Port Donna,2025-02-18 04:42:48.076694
96,Heather Herring,zfields@example.org,West Allisonburgh,2024-08-24 08:44:54.875534
97,Lori Crawford,ashleyallen@example.org,Millermouth,2023-10-05 09:05:30.465152
98,Sharon Jacobson,rubiofrank@example.org,Waltersview,2023-10-17 00:45:17.744253
99,Patricia Lynch,parkertravis@example.com,Port Raymond,2024-02-27 15:43:54.930550
100,Megan Terry,aguilarmichael@example.net,New Jennifer,2023-12-11 03:09:43.001161
101,John Boyd,millermichelle@example.com,North Jamesville,2024-08-17 21:23:27.198742
102,Ernest Skinner,edwardsrebecca@example.net,Richardberg,2024-06-23 13:40:22.774621
103,Eric Brown,patricialozano@example.net,Lake Madisonton,2024-12-06 23:52:43.895279
104,Melissa Hughes,melvinwillis@example.org,New Gregview,2023-09-09 17:13:33.838398
105,Michael King,zachary72@example.com,North Cynthia,2023-08-22 17:16:32.244730
106,Stephanie Stewart,leekrystal@example.net,Port Stephen,2023-08-09 21:08:10.983539
107,Matthew Alvarez,stephenslori@example.com,Port Kimberlyville,2024-02-21 21:36:10.614155
108,Jesse Bass,vanessa12@example.com,East Jessicatown,2023-12-18 06:30:29.619939
109,Amanda Brewer,laura09@example.net,West Samantha,2025-02-20 12:02:00.876660
110,Jeremiah Munoz,emily97@example.com,North Shawn,2023-10-25 09:43:58.699554
111,Amy Davis,bellgregory@example.net,West Stephenside,2024-10-11 09:30:29.988959
112,Karen Hodge,qgibbs@example.org,Port Margaretmouth,2024-01-02 08:42:45.147085
113,Walter Moore,susan06@example.com,New Heather,2023-08-10 17:37:22.390667
114,Caitlin Frazier,sonya76@example.org,East Cynthia,2023-12-11 11:06:28.788665
115,Heather Martin,kford@example.org,Cunninghamtown,2023-08-11 21:22:05.197467
116,Melissa Higgins,zoesmith@example.com,North Brandonville,2024-06-07 00:22:32.145031
117,Christian Buchanan,barnesashley@example.net,Jenniferberg,2024-01-06 08:44:05.654846
118,James Anderson,tammy66@example.org,Jamesfurt,2023-10-07 19:19:00.098970
119,Dr. Benjamin King,nicole58@example.org,Mcdowellview,2023-05-14 21:23:04.630352
120,Robert Maynard,fergusonmelissa@example.org,Johnsonchester,2024-09-30 10:22:36.538775
121,Jessica Garcia,kmunoz@example.org,Thomasburgh,2024-06-19 13:58:51.166690
122,Diane Gordon DVM,douglas57@example.net,East Natalieview,2023-08-22 16:04:47.779426
123,Elizabeth Walters,andrea06@example.com,Lunastad,2023-07-22 10:52:06.506976
124,Howard Johnson,pford@example.net,Port Ronaldside,2023-07-25 11:24:53.382702
125,Christopher Johnson,lorikelly@example.net,Jennifermouth,2024-08-27 05:43:44.364203
126,Suzanne Massey,rachel58@example.com,South Tracey,2024-10-09 18:22:12.812460
