product_id,name,category,unit_price,added_date
101,Integrated disintermediate implementation,Electronics,37.71,2024-08-19 06:07:03.666360
102,Phased multimedia function,Sports,131.4,2025-04-02 00:18:54.988039
103,Open-source bandwidth-monitored software,Electronics,426.17,2025-04-05 03:33:22.202253
104,Digitized 24hour paradigm,Sports,289.86,2024-11-18 04:18:25.422505
105,Triple-buffered multi-state benchmark,Clothing,50.36,2024-12-25 04:56:33.273988
106,Stand-alone tangible database,Clothing,438.16,2024-11-18 07:04:06.834952
107,Robust multimedia budgetary management,Clothing,174.52,2024-07-21 02:11:56.781935
108,Upgradable reciprocal concept,Sports,388.9,2024-08-29 23:12:17.293045
109,Automated 24/7 budgetary management,Home Goods,148.06,2025-03-06 15:13:06.962673
110,Up-sized mission-critical functionalities,Electronics,152.68,2024-05-24 04:28:27.761844
111,Organized holistic paradigm,Toys,268.47,2024-12-25 03:29:10.533780
112,Synchronized mobile workforce,Home Goods,436.0,2025-01-23 00:24:16.808543
113,Diverse next generation neural-net,Electronics,216.35,2025-02-10 19:57:19.618663
114,Compatible zero-defect migration,Electronics,164.67,2025-03-17 00:11:31.147316
115,Down-sized 4thgeneration project,Home Goods,267.4,2025-02-18 23:38:44.351508
116,Programmable incremental portal,Home Goods,151.22,2024-12-11 23:38:26.011503
117,Organic tertiary software,Sports,490.66,2024-09-09 14:50:13.119083
118,Ameliorated optimizing challenge,Sports,422.54,2025-03-16 14:03:53.237218
119,Down-sized leadingedge open system,Toys,209.26,2024-05-04 06:51:39.066516
120,Multi-tiered background project,Sports,12.86,2024-11-15 12:42:27.522154
121,Managed discrete middleware,,262.46,2025-02-27 16:42:39.435366
122,Balanced mission-critical process improvement,Sports,115.6,2024-05-21 20:57:28.011431
123,Profit-focused mobile neural-net,Sports,60.21,2024-12-06 06:21:31.037264
124,Phased empowering contingency,Sports,113.68,2024-07-07 14:40:00.492651
125,Multi-lateral cohesive framework,Groceries,129.9,2025-02-19 22:33:04.810926
126,Digitized logistical architecture,,375.41,2025-04-01 04:52:26.750950
127,Polarized hybrid open system,Groceries,455.93,2025-03-28 18:41:06.035282
128,Realigned background firmware,Clothing,155.89,2024-10-07 20:12:28.145752
129,Customizable explicit circuit,Groceries,271.87,2024-08-23 23:31:03.443696
130,Cross-platform client-driven protocol,Books,323.09,2025-02-24 06:42:31.447647
131,Synchronized client-driven parallelism,Books,295.62,2024-11-04 18:11:59.061618
132,Adaptive 5thgeneration initiative,Toys,92.52,2024-11-04 14:16:32.704553
133,Versatile real-time matrix,Books,452.92,2024-12-31 12:20:05.319051
134,Customer-focused methodical open architecture,Groceries,463.44,2024-08-19 12:43:49.510876
135,Vision-oriented global attitude,Sports,165.19,2024-12-21 03:34:32.276933
136,Front-line discrete methodology,Home Goods,337.29,2025-02-14 23:24:12.426260
137,Integrated even-keeled definition,Electronics,443.45,2024-04-17 23:11:58.160844
138,Multi-channeled multimedia Graphical User Interface,Clothing,123.48,2024-05-18 04:04:28.485363
139,Integrated object-oriented interface,Sports,301.15,2024-07-06 07:52:00.771728
140,Multi-layered homogeneous task-force,Home Goods,27.16,2024-06-06 19:46:00.951067
141,Horizontal dedicated synergy,Home Goods,129.82,2025-01-23 04:55:05.734989
142,Switchable zero tolerance help-desk,Books,325.54,2024-07-27 00:22:25.208778
143,Seamless clear-thinking time-frame,Home Goods,355.62,2024-05-28 07:42:31.184211
144,Multi-channeled motivating leverage,Groceries,225.29,2024-07-07 04:49:18.192682
145,Triple-buffered holistic product,Home Goods,288.68,2025-03-15 04:46:23.081886
146,Optional even-keeled help-desk,Clothing,266.51,2025-04-04 23:00:12.558706
147,Visionary zero administration structure,Toys,133.91,2025-04-12 09:26:53.643191
148,Customer-focused mission-critical frame,Sports,216.99,2024-05-28 17:56:40.220849
149,Distributed grid-enabled encryption,Groceries,359.78,2025-01-11 04:19:58.574777
150,Mandatory modular emulation,Groceries,417.93,2024-05-24 20:33:57.055045
151,Networked human-resource Local Area Network,Clothing,133.53,2024-10-19 06:04:22.495020
152,Re-contextualized regional definition,Toys,482.08,2024-12-17 10:57:17.349478
153,Profit-focused fault-tolerant matrix,Books,204.84,2024-07-08 15:57:47.686481
154,Programmable systemic ability,Toys,34.82,2024-05-18 06:05:04.037997
155,Intuitive hybrid emulation,Books,423.13,2025-02-08 11:11:31.851731
156,Optional actuating orchestration,Electronics,91.59,2025-01-21 10:09:50.935713
157,Open-source background firmware,Electronics,392.86,2024-06-26 20:20:54.900951
158,Inverse context-sensitive budgetary management,Toys,208.08,2024-06-19 17:36:20.095651
159,Total high-level algorithm,Clothing,267.65,2024-07-09 01:24:21.613913
160,Balanced 24/7 implementation,Groceries,171.68,2024-10-26 22:31:32.761443
161,De-engineered bifurcated portal,Sports,253.28,2024-11-21 23:32:27.504733
162,Exclusive attitude-oriented support,Groceries,148.29,2024-10-01 22:11:21.802243
163,Adaptive multi-state process improvement,,288.14,2025-02-17 17:20:19.062930
164,Cloned national conglomeration,Electronics,32.24,2025-03-18 21:28:10.807316
165,Focused intangible implementation,Electronics,14.02,2024-10-05 01:31:35.310771
166,Adaptive intermediate database,Home Goods,351.13,2024-08-31 22:27:06.298336
167,Virtual 6thgeneration pricing structure,Electronics,75.69,2025-03-29 07:47:38.956954
168,Assimilated optimal hardware,Toys,435.97,2024-12-27 18:21:27.568920
169,Mandatory systematic knowledgebase,Groceries,498.1,2024-12-04 17:11:15.172220
170,Right-sized multi-state array,Home Goods,114.28,2024-07-15 15:03:16.145521
171,Customer-focused transitional benchmark,,239.16,2024-07-23 08:28:31.192326
